<?xml version="1.0" encoding="UTF-8"?>
<project-private xmlns="http://www.netbeans.org/ns/project-private/1">
    <editor-bookmarks xmlns="http://www.netbeans.org/ns/editor-bookmarks/2" lastBookmarkId="0"/>
    <open-files xmlns="http://www.netbeans.org/ns/projectui-open-files/2">
        <group>
            <file>file:/C:/courses/dsa/18-19/docs/assessment/cw2/src/dsacw/TestPart2.java</file>
            <file>file:/C:/courses/dsa/18-19/docs/assessment/cw2/src/dsacw/DsaCW.java</file>
        </group>
    </open-files>
</project-private>
